level,variable,count,mean,median,std
no,smoker,1063,8440.66,7345.73,5992.97
yes,smoker,274,32050.23,34456.35,11541.55
female,sex,662,12569.58,9412.96,11128.7
male,sex,675,13975.0,9377.9,12971.96
northeast,region,324,13406.38,10057.65,11255.8
northwest,region,324,12450.84,8976.98,11073.13
southeast,region,364,14735.41,9294.13,13971.1
southwest,region,325,12346.94,8798.59,11557.18
0,children,573,12384.7,9863.47,12025.42
1,children,324,12731.17,8483.87,11823.63
2,children,240,15073.56,9264.98,12891.37
3,children,157,15355.32,10600.55,12330.87
4,children,25,13850.66,11033.66,9139.22
5,children,18,8786.04,8589.57,3808.44
0,obese,631,10713.67,8604.48,7843.54
1,obese,706,15572.04,10003.65,14553.2
