age,sex,bmi,children,smoker,region,charges,obese,age_c,log_charges,cooks_d,leverage,student_resid,flag_influential
45,male,30.36,0,yes,southeast,62592.87309,1,5.777860882572924,11.044406702204412,0.02763019319324704,0.01337845436039746,4.989254613450523,True
61,female,33.33,4,no,southeast,36580.28216,1,21.777860882572924,10.507264635419755,0.024883179205094814,0.014809436927078243,4.489009547056925,True
54,female,47.41,0,yes,southeast,63770.42801,1,14.777860882572924,11.063044851063491,0.02356945673347667,0.01772209630798052,3.981489433666127,True
31,female,38.095,1,yes,northeast,58571.07448,1,-8.222139117427076,10.977996244143489,0.018235586645170335,0.012461661477545304,4.190214656771189,True
42,male,30.0,0,yes,southwest,22144.032,1,2.7778608825729236,10.005323303503058,0.017934103238228326,0.01383055345195375,-3.938692015403502,True
43,male,27.8,0,yes,southwest,37829.7242,0,3.7778608825729236,10.540850427090321,0.017640216728018628,0.013789177407523763,3.9119183589307744,True
20,male,35.31,1,no,southeast,27724.28875,1,-19.222139117427076,10.230064158147394,0.016667152555640486,0.006686456418976975,5.5109609272367335,True
24,male,28.5,0,yes,northeast,35147.52848,0,-15.222139117427076,10.467309581253186,0.01662233686363163,0.012812956677464352,3.941677571415939,True
59,female,34.8,2,no,southwest,36910.60803,1,19.777860882572924,10.516254269201825,0.016312640245242243,0.0075929985613510005,5.105767379060191,True
19,female,30.59,2,no,northwest,24059.68019,1,-20.222139117427076,10.088292697254127,0.015861919157932933,0.009761339978134964,4.424941689564537,True
19,male,33.1,0,no,southwest,23082.95533,1,-20.222139117427076,10.046849759651726,0.015554512424709737,0.008258713517706868,4.773123224344949,True
21,female,32.68,2,no,northwest,26018.95052,1,-18.222139117427076,10.166580417663528,0.014945504372372955,0.007973746958199256,4.7621182516243845,True
40,female,41.42,1,no,northwest,28476.73499,1,0.7778608825729236,10.256842716748936,0.014881421592726662,0.009295518552995242,4.392642875921374,True
42,male,26.07,1,yes,southeast,38245.59327,0,2.7778608825729236,10.551783623990207,0.014690500235373456,0.011755024730420751,3.8699737512352113,True
24,female,23.21,0,no,southeast,25081.76784,0,-15.222139117427076,10.12989648030097,0.014541782557393827,0.007270507081144584,4.923897342020732,True
44,male,29.735,2,no,northeast,32108.66282,0,4.777860882572924,10.37688114249174,0.014504234172085583,0.007162221834536714,4.955413048860106,True
33,female,35.53,0,yes,northwest,55135.40209,1,-6.222139117427076,10.917547294992884,0.01430172981440687,0.013211666136556804,3.5963764753480865,True
26,female,29.64,4,no,northeast,24671.66334,0,-13.222139117427076,10.11341063084194,0.014290990826591235,0.01201572168941421,3.7738203602474303,True
55,female,26.8,1,no,southwest,35160.13457,0,15.777860882572924,10.467668179152426,0.013685310766305638,0.0061334931619358496,5.209182419789414,True
18,female,30.115,0,no,northeast,21344.8467,1,-21.222139117427076,9.968565617156433,0.013611092672233786,0.009804127560152531,4.08554230447964,True
23,male,18.715,0,no,northwest,21595.38229,0,-16.222139117427076,9.98023478794707,0.012997824949899227,0.008610008215811246,4.265263910188468,True
19,male,27.265,2,no,northwest,22493.65964,0,-20.222139117427076,10.020988754703406,0.012695905754528534,0.009356130832519278,4.039513230464919,True
34,male,22.42,2,no,northeast,27375.90478,0,-5.222139117427076,10.217418517896819,0.011330902801418064,0.006323102711167416,4.6585077103841135,True
52,female,37.525,2,no,northwest,33471.97189,1,12.777860882572924,10.418463707617837,0.011265549266815559,0.00636315103613245,4.629862136802032,True
32,female,17.765,2,yes,northwest,32734.1863,0,-7.222139117427076,10.39617526337975,0.01075765754013514,0.014218205295886313,3.000718979348999,True
52,male,34.485,3,yes,northwest,60021.39897,1,12.777860882572924,11.002456427119922,0.010448835273283864,0.012544031347251882,3.152278399026638,True
64,male,24.7,1,no,northwest,30166.61817,0,24.777860882572924,10.314491233394307,0.010271733935078804,0.01218533175981245,3.1718409077012555,True
45,male,22.895,0,yes,northeast,35069.37452,0,5.777860882572924,10.465083507788405,0.009653710870729032,0.012820414997714701,2.995626555041623,True
60,male,28.595,0,no,northeast,30259.99556,0,20.777860882572924,10.317581840613983,0.009560962782058213,0.009015143548818275,3.5669864331531533,True
53,male,31.35,0,no,southeast,27346.04207,1,13.777860882572924,10.216327083301252,0.009338785149566578,0.0075309389200696126,3.863133644716828,True
62,female,36.86,1,no,northeast,31620.00106,1,22.777860882572924,10.361545144286548,0.009207503778057843,0.00944271043995202,3.4181960822115105,True
50,male,25.365,2,no,northwest,30284.64294,0,10.777860882572924,10.318396029350499,0.009003218874063945,0.005953292097053316,4.274911390172272,True
45,female,27.645,1,no,northwest,28340.18885,0,5.777860882572924,10.252036176948652,0.008794433807467583,0.006085661497652091,4.177287919163436,True
55,male,37.715,3,no,northwest,30063.58055,1,15.777860882572924,10.31106976965331,0.008742894697964078,0.008328369132325165,3.549893146466627,True
33,male,22.705,0,no,northwest,21984.47061,0,-6.222139117427076,9.998091601725266,0.008657992518606772,0.007080176362780018,3.836819848428426,True
48,male,36.67,1,no,northwest,28468.91901,1,8.777860882572924,10.256568210109709,0.008526699325182902,0.006167651618182987,4.084442659200927,True
46,male,27.6,0,no,southwest,24603.04837,0,6.777860882572924,10.110625631722993,0.008459662689700193,0.007278379676314677,3.739217160457343,True
19,female,27.93,3,no,northwest,18838.70366,0,-20.222139117427076,9.84366873790736,0.008448976981473203,0.011823292018181256,2.9192415723939464,True
52,female,24.86,0,no,southeast,27117.99378,0,12.777860882572924,10.20795276365428,0.00837417143349326,0.007244019268011251,3.729046782649286,True
35,female,38.095,2,no,northeast,24915.04626,1,-4.222139117427076,10.123227167426604,0.00837061756097767,0.007254108753774158,3.7256071369625863,True
25,male,24.985,2,no,northeast,23241.47453,0,-14.222139117427076,10.053693656887708,0.00836486915975892,0.006232927541114824,4.023382485597785,True
28,male,36.4,1,yes,southwest,51194.55914,1,-11.222139117427076,10.843388538584009,0.008223029873526714,0.010471435307711826,3.063283917838063,True
23,female,24.225,2,no,northeast,22395.74424,0,-16.222139117427076,10.016626230507166,0.008156064381386953,0.006783356623884864,3.804766509538657,True
60,female,25.84,0,no,northwest,28923.13692,0,20.777860882572924,10.272397139270046,0.007419460487359659,0.008242547012810353,3.2850927641019694,True
37,male,29.8,0,no,southwest,20420.60465,0,-2.2221391174270764,9.924299701956077,0.00739479120724888,0.008172814471474131,3.2937746912658095,True
47,female,24.1,1,no,southwest,26236.57997,0,7.777860882572924,10.174909898054338,0.007345050038325717,0.005923480613819082,3.866190489786493,True
61,male,36.1,3,no,southwest,27941.28758,1,21.777860882572924,10.237860715500025,0.007218835940926407,0.011130478959729323,2.7812356669128153,True
54,female,31.9,3,no,southeast,27322.73386,1,14.777860882572924,10.215474376760241,0.007133171445299044,0.008443645954012067,3.181378533590844,True
53,female,32.3,2,no,northeast,29186.48236,1,13.777860882572924,10.281460948193155,0.0071023400675359755,0.006441290723603989,3.642528516982095,True
28,female,24.32,1,no,northeast,23288.9284,0,-11.222139117427076,10.05573335065625,0.006974047994987216,0.005316203807786944,3.9791684275088337,True
62,male,31.46,1,no,southeast,27000.98473,1,22.777860882572924,10.203628615802879,0.006763625351701852,0.010195151470871962,2.814424700473688,True
21,male,31.02,0,no,southeast,16586.49771,1,-18.222139117427076,9.716344252398859,0.006756163851880111,0.007946188359433299,3.1924942762933166,True
28,male,33.82,0,no,northwest,19673.33573,1,-11.222139117427076,9.887019481651924,0.006751146930864448,0.006803535767469146,3.4531273925302775,True
24,female,27.6,0,no,southwest,18955.22017,0,-15.222139117427076,9.849834643287883,0.006684876006906559,0.006627723806291104,3.481982580143011,True
52,male,26.4,3,no,southeast,25992.82104,0,12.777860882572924,10.16557566503102,0.006636486012378795,0.008380557279390403,3.079510200698384,True
25,female,41.325,0,no,northeast,17878.90068,1,-14.222139117427076,9.791376563615858,0.006391255830248528,0.00987509787426529,2.7800843912943,True
39,male,34.1,2,no,southeast,23563.01618,1,-0.22213911742707637,10.067433650793916,0.006386112926152541,0.0059202433146137694,3.60333740002031,True
49,female,27.1,1,no,southwest,26140.3603,0,9.777860882572924,10.171235770556825,0.006247894539608223,0.005764330511438873,3.6123803490815884,True
54,male,30.02,0,no,northwest,24476.47851,1,14.777860882572924,10.105467874562926,0.006063762787727163,0.007893681598058273,3.0334795327114774,True
48,female,35.91,1,no,northeast,26392.26029,1,8.777860882572924,10.180826075318103,0.005959848985523828,0.006013092519794898,3.452485558141877,True
50,female,27.36,0,no,northeast,25656.57526,0,10.777860882572924,10.152555163167145,0.005923937951796904,0.006554470282612173,3.2946414370307697,True
29,male,29.64,1,no,northeast,20277.80751,0,-10.222139117427076,9.917282340913964,0.0057792030304017585,0.006695065837754823,3.218972958728384,True
27,female,30.4,3,no,northwest,18804.7524,1,-12.222139117427076,9.841864904106775,0.0056161491386611815,0.008487654031983535,2.813165640937718,True
28,female,27.5,2,no,southwest,20177.67113,0,-11.222139117427076,9.912331882391653,0.005531071357011727,0.0060812785629842875,3.3059358321676156,True
20,female,24.42,0,yes,southeast,26125.67477,0,-19.222139117427076,10.170673817450309,0.005368027644963602,0.013329962319701934,2.1866958165974255,True
24,male,33.63,4,no,northeast,17128.42608,1,-15.222139117427076,9.748494706186174,0.005348232506257354,0.011522246906647028,2.3504492319998143,True
59,female,36.52,1,no,southeast,28287.89766,1,19.777860882572924,10.250189347642364,0.005235134046780487,0.006383010086202826,3.137588038368033,True
50,male,32.11,2,no,northeast,25333.33284,1,10.777860882572924,10.139876311126674,0.0052082626273182745,0.00641511650044503,3.121515906461441,True
52,male,36.765,2,no,northwest,26467.09737,1,12.777860882572924,10.183657631860399,0.005110378957387868,0.006157768565940489,3.1566644587107886,True
42,male,28.31,3,yes,northwest,32787.45859,0,2.7778608825729236,10.397801361193013,0.0050990358690923615,0.013381338426725741,2.1268468571195496,True
25,female,32.23,1,no,southeast,18218.16139,1,-14.222139117427076,9.810174254086462,0.0050024840959906796,0.006113062787074992,3.1344692611962626,True
48,male,29.6,0,no,southwest,21232.18226,0,8.777860882572924,9.963273340747653,0.004977890288264865,0.0077631515669225855,2.7700833913476615,True
37,male,36.19,0,no,southeast,19214.70553,1,-2.2221391174270764,9.86343117787501,0.004919192224921493,0.006647649917139392,2.978801747497236,True
35,male,39.71,4,no,northeast,19496.71917,1,-4.222139117427076,9.878001482704299,0.004905747896821311,0.011481381675039237,2.254794034884817,True
29,male,33.345,2,no,northwest,19442.3535,1,-10.222139117427076,9.87520913550149,0.004775096531934645,0.006114143958447796,3.0616115732157643,True
27,female,32.395,1,no,northeast,18903.49141,1,-12.222139117427076,9.847101914674951,0.004728009904328392,0.006203761528497069,3.0239988612518998,True
61,female,25.08,0,no,southeast,24513.09126,0,21.777860882572924,10.106962590968418,0.0044749132240686764,0.009797057159865353,2.33359008448771,True
52,female,30.875,0,no,northeast,23045.56616,1,12.777860882572924,10.04522867243799,0.004376816634386823,0.007330051000424962,2.673151682194422,True
54,male,25.46,1,no,northeast,25517.11363,0,14.777860882572924,10.147104628789455,0.0043211116006668,0.00596579679224657,2.947891133346052,True
30,male,38.83,1,no,southeast,18963.17192,1,-9.222139117427076,9.850254057175354,0.004164371565255793,0.0054135933849842974,3.0394129540888684,True
29,male,29.735,2,no,northwest,18157.876,0,-10.222139117427076,9.806859684962467,0.004144635351270185,0.007104442205367407,2.6424013095907135,True
32,female,23.65,1,no,southeast,17626.23951,0,-7.222139117427076,9.777143952016166,0.004089727122206674,0.006616086010582515,2.7210894730826167,True
18,female,38.28,0,no,southeast,14133.03775,1,-21.222139117427076,9.556270438418146,0.004038772755322438,0.008371282031823872,2.40034050183192,True
27,female,30.59,1,no,northeast,16796.41194,1,-12.222139117427076,9.728920567580962,0.0038071113106368224,0.006770084723591857,2.5944990841670634,True
47,female,33.345,0,no,northeast,20878.78443,1,7.777860882572924,9.94648882334788,0.0036958236593761136,0.007097451852912554,2.4957643059909906,True
18,male,21.78,2,no,southeast,11884.04858,0,-21.222139117427076,9.382952324423352,0.0036463023018555203,0.011749042503987938,1.9203898518544846,True
18,male,39.14,0,no,northeast,12890.05765,1,-21.222139117427076,9.464211568382503,0.003638698682101762,0.010598074353658084,2.0213508503442665,True
58,female,41.91,0,no,southeast,24227.33724,1,18.777860882572924,10.09523691260038,0.0035591357412884613,0.007931679935287478,2.31507140575063,True
22,male,52.58,1,yes,southeast,44501.3982,1,-17.222139117427076,10.703275887885447,0.003352216186760911,0.025856425699467195,1.2313129368308997,True
45,female,31.79,0,no,southeast,17929.30337,1,5.777860882572924,9.794191713083654,0.003139826853273861,0.0077585445085816725,2.1983114511100914,True
