term,coef,se_ols,p_ols,ci_low_ols,ci_high_ols,se_hc3,p_hc3,ci_low_hc3,ci_high_hc3,se_boot,ci_low_boot,ci_high_boot
Intercept,4595.924,937.8092,0.0,2756.1713,6435.6768,905.1706,0.0,2820.2001,6371.648,911.426,2883.4788,6347.5711
sex[T.male],-495.1238,244.5453,0.0431,-974.862,-15.3855,247.366,0.0455,-980.3955,-9.852,238.6549,-952.3813,-6.0329
smoker[T.yes],13404.6397,440.1045,0.0,12541.262,14268.0174,381.3774,0.0,12656.4703,14152.809,381.6545,12667.4715,14186.9774
region[T.northwest],-275.7826,349.6614,0.4304,-961.7329,410.1678,372.2647,0.4589,-1006.0751,454.5099,368.9254,-993.1768,426.3134
region[T.southeast],-828.5668,351.7594,0.0186,-1518.6329,-138.5007,379.721,0.0293,-1573.4867,-83.6469,367.7796,-1545.2166,-89.5514
region[T.southwest],-1222.626,350.6523,0.0005,-1910.5202,-534.7317,350.6903,0.0005,-1910.5948,-534.6571,345.8625,-1911.4206,-575.0698
age_c,259.9451,8.7604,0.0,242.7593,277.1309,8.8576,0.0,242.5686,277.3216,8.8045,243.2921,277.5112
I(age_c ** 2),3.7367,0.7468,0.0,2.2716,5.2018,0.7461,0.0,2.273,5.2005,0.774,2.2447,5.2804
bmi,119.8053,34.2887,0.0005,52.5392,187.0713,35.0266,0.0006,51.0916,188.5189,35.0206,53.1065,186.9819
children,678.1403,105.9337,0.0,470.3243,885.9563,108.566,0.0,465.1603,891.1203,108.7301,466.5994,896.0744
obese,-995.7662,423.3452,0.0188,-1826.2663,-165.2662,442.8598,0.0247,-1864.5491,-126.9833,437.071,-1834.6871,-125.5836
obese:smoker[T.yes],19808.7249,604.9238,0.0,18622.012,20995.4378,558.5149,0.0,18713.055,20904.3949,536.4188,18750.2941,20842.0509
